,corr,p-value
bert_hatebert,0.4166867429210698,1.9109719384279774e-37
bert_fbert,0.4092165109305535,4.7298381179131237e-36
hatebert_fbert,0.5116985463052928,1.4533549489477975e-58
