,corr,p-value
bert_hatebert,0.5134580020183366,5.070835374698059e-59
bert_fbert,0.5363551777673792,3.1829299165348173e-65
hatebert_fbert,0.5128943145399255,7.110109407025641e-59
