,corr,p-value
bert_hatebert,0.7076241806182277,1.4789142053781997e-131
bert_fbert,0.6806765048487634,4.459461545811881e-118
hatebert_fbert,0.6619135477707758,1.6126925435005163e-109
